First Name,Last Name,Gender,Phone,WhatsApp,Group Joined,LinkedIn,City,Domain,Experience,Organization
,,,,,,,,,,
,,,,,,,,,,
,,,,,,,,,,
Riya,Sharma,Female,9876543210,9876543210,,https://linkedin.com/in/riya,Mumbai,Network Security,2,Cyber Women Org
,,,uio,,,,,,,
,,,,,,,,,,
kavi,k,male,6785463647,4536475875,,www.linkend.com,vellore,cyber,1,cyber work
iri,uiyr,uiu,6785463647,4536475875,,www.linkend.com,vellore vellore,cyber cyber,3,cyber work work
k,k,male,6785463647,4536475875,,www.linkend.com,vellore vellore 123,cyber cyber 123,5,cyber work work 123
,,,,,,,,,,
kavi,k,Male,6785463647,4536475875,,www.linkend.com,vellore vellore 12345,cyber cyber 12345,2,cyber work work 12345
